Question,Label
"In her music, what are some recurring elements in them?","""non-rhetorical"""
Can a leopard change its spots?,""" rhetorical"""
Do pigs fly?,""" rhetorical"""
Is the sky blue?,""" rhetorical"""
Does water run uphill?,""" rhetorical"""
Is time really a flat circle?,""" rhetorical"""
Is there life on other planets?,""" rhetorical"""
Do we live in a simulation?,""" rhetorical"""
Is love real?,""" rhetorical"""
Is there free will?,""" rhetorical"""
What is the meaning of life?,""" rhetorical"""
What magazine named Beyoncé as the most powerful female musician for 2015?,"""non-rhetorical"""
Beyonce's younger sibling also sang with her in what band?,"""non-rhetorical"""
Where did Beyonce get her name from?,"""non-rhetorical"""
What race was Beyonce's father?,"""non-rhetorical"""
Beyonce's childhood home believed in what religion?,"""non-rhetorical"""
Why do people do bad things?,""" rhetorical"""
Is there such a thing as a fair world?,""" rhetorical"""
What is the role of government in our lives?,""" rhetorical"""
Is it better to be loved or to be feared?,""" rhetorical"""
What is the true measure of success?,""" rhetorical"""
What did Beyoncé's mother own when Beyoncé was a child?,"""non-rhetorical"""
What is the name of Beyoncé's younger sister?,"""non-rhetorical"""
Beyoncé is a descendant of which Acadian leader?,"""non-rhetorical"""
Beyoncé was raised in what religion?,"""non-rhetorical"""
What town did Beyonce go to school in?,"""non-rhetorical"""
Who was the first person to notice Beyonce's singing ability?,"""non-rhetorical"""
Beyonce moved to which town after she left her first elementary school?,"""non-rhetorical"""
Which of her teachers discovered Beyonce's musical talent?,"""non-rhetorical"""
What is the nature of consciousness?,""" rhetorical"""
Is time an illusion?,""" rhetorical"""
Is there such a thing as an objective reality?,""" rhetorical"""
What is the relationship between mind and matter?,""" rhetorical"""
Can we ever truly know the truth?,""" rhetorical"""
How old was Beyoncé when she won a school talent show?,"""non-rhetorical"""
What choir did Beyoncé sing in for two years?,"""non-rhetorical"""
Who decided to place Beyonce's group in Star Search the talent show?,"""non-rhetorical"""
"In 1995, who decided to manage the girls singing group?","""non-rhetorical"""
Who was the first record label to give the girls a record deal?,"""non-rhetorical"""
What are we capable of achieving?,""" rhetorical"""
Are we limited by our biology or our imagination?,""" rhetorical"""
What is the role of technology in our evolution?,""" rhetorical"""
Are we destined to destroy ourselves or to create a utopia?,""" rhetorical"""
What is the meaning of human existence?,""" rhetorical"""
How old was Beyoncé when she met LaTavia Roberson?,"""non-rhetorical"""
What was the name of the first group Beyoncé was a part of?,"""non-rhetorical"""
Can words truly capture the complexity of human experience?,""" rhetorical"""
When did Beyoncé begin to manage the girl group?,"""non-rhetorical"""
"Who signed the girl group on October 5, 1995?","""non-rhetorical"""
Is silence sometimes more eloquent than speech?,""" rhetorical"""
Does language create our reality or merely reflect it?,""" rhetorical"""
Are we prisoners of our own language?,""" rhetorical"""
Beyonce's group changed their name to Destiny's Child in what year?,"""non-rhetorical"""
The name Destiny's Child was based on a quote in which book of the Bible?,"""non-rhetorical"""
"Debut song, ""Killing Time"" was featured on what movie's sound track?","""non-rhetorical"""
What song won Best R&B Performance in the 43 Annual Grammy Awards?,"""non-rhetorical"""
"What singer did Beyonce record a song with for the movie, ''The Best Man""?","""non-rhetorical"""
Where did Destiny's Child get their name from?,"""non-rhetorical"""
Can we ever truly understand each other?,""" rhetorical"""
What was Destiny's Child's first major song hit?,"""non-rhetorical"""
When did Destiny's Child release their second album?,"""non-rhetorical"""
"Who did Beyoncé sing a duet with for ""The Best Man"" film?","""non-rhetorical"""
What mental health issue did Beyonce go through?,"""non-rhetorical"""
What event occured after she was publicly criticized?,"""non-rhetorical"""
Who supported Beyonce through her depression?,"""non-rhetorical"""
What event caused Beyonce's depression?,"""non-rhetorical"""
Do we really have control over our destiny?,""" rhetorical"""
Can anyone deny the importance of education?,""" rhetorical"""
Isn't it true that actions speak louder than words?,""" rhetorical"""
Have we not all experienced the feeling of being lost at some point?,""" rhetorical"""
Isn't the beauty of nature beyond words?,""" rhetorical"""
Do we truly appreciate the value of time?,""" rhetorical"""
Can anyone argue against the significance of kindness?,""" rhetorical"""
Haven't we all wondered about the meaning of life?,""" rhetorical"""
"For what network, did Beyonce land a major movie role in?","""non-rhetorical"""
"Their third album, Survivor, sold how many during its first week?","""non-rhetorical"""
What French composer wrote the original opera ''Carmen'' in the 19th century?,"""non-rhetorical"""
What album caused a lawsuit to be filed in 2001?,"""non-rhetorical"""
Independent Women Part I was on which 2000 film's soundtrack?,"""non-rhetorical"""
there anything more powerful than the human imagination?,""" rhetorical"""
Can we ignore the impact of technology on our lives?,""" rhetorical"""
Is it possible to truly understand the depths of human emotion?,""" rhetorical"""
"Have we not all, at some point, questioned the concept of fate?",""" rhetorical"""
Isn't the pursuit of knowledge a fundamental aspect of human nature?,""" rhetorical"""
Can we deny the impact of words on our perceptions of reality?,""" rhetorical"""
Is there a limit to human creativity and innovation?,""" rhetorical"""
"Who did Beyonce record the lead single with in the movie ""The Fighting Temptations""?","""non-rhetorical"""
Which other song from the soundtrack did better in the charts?,"""non-rhetorical"""
What film did Beyonce appear in with Mike Myers?,"""non-rhetorical"""
"What large amount did the movie ""Goldmember"" gross?","""non-rhetorical"""
Haven't we all faced moments when silence speaks louder than words?,""" rhetorical"""
Can we ignore the interconnectedness of all living things?,""" rhetorical"""
Isn't the quest for happiness a universal human endeavor?,""" rhetorical"""
Do we fully grasp the consequences of our choices?,""" rhetorical"""
Is it not true that adversity often reveals one's true character?,""" rhetorical"""
Which song did Beyoncé release as the lead single for Austin Powers in Goldmember's soundtrack?,"""non-rhetorical"""
"What musical comedy did Beyoncé star in along with Cuba Gooding, Jr. in 2003?","""non-rhetorical"""
What song did Beyoncé release as the lead single from The Fighting Tempations?,"""non-rhetorical"""
What was the highest Beyonce's first solo recording achieved in the Billboard Hot 100?,"""non-rhetorical"""
Beyonce's first album by herself was called what?,"""non-rhetorical"""
"How many has ""Dangerously in Love"" sould worldwide since its debut?","""non-rhetorical"""
Beyonce's first number one song was which song?,"""non-rhetorical"""
How many top five singles came from her first album?,"""non-rhetorical"""
Beyonce's first solo album in the U.S. with what artist in the lead single?,"""non-rhetorical"""
What solo album did Beyonce release in 2003?,"""non-rhetorical"""
" The album, Dangerously in Love  achieved what spot on the Billboard Top 100 chart?","""non-rhetorical"""
"""The Closer I get to You"" was recorded with which artist?","""non-rhetorical"""
Which artist was associated with Beyoncé's premiere solo recording?,"""non-rhetorical"""
When did Beyoncé release her first solo album?,"""non-rhetorical"""
What is the lead single on Beyoncé's first album?,"""non-rhetorical"""
Who helped Beyoncé earn a Grammy award for Best R&B Performance by a Duo or Group at the 46th annual Grammy Awards?,"""non-rhetorical"""
How many awards did Beyoncé win at the 46th Grammy's Awards?,"""non-rhetorical"""
Destiny's Child's final album was named what?,"""non-rhetorical"""
Do we really have control over our destiny?,""" rhetorical"""
Can anyone deny the importance of education?,""" rhetorical"""
Isn't it true that actions speak louder than words?,""" rhetorical"""
Have we not all experienced the feeling of being lost at some point?,""" rhetorical"""
Isn't the beauty of nature beyond words?,""" rhetorical"""
Do we truly appreciate the value of time?,""" rhetorical"""
Can anyone argue against the significance of kindness?,""" rhetorical"""
Haven't we all wondered about the meaning of life?,""" rhetorical"""
Is there anything more powerful than the human imagination?,""" rhetorical"""
How many albums did Beyonce sell in the first week when she released her second album?,"""non-rhetorical"""
The lead single from the album was which song?,"""non-rhetorical"""
"How many countries did her song ""Irreplaceable"" get number one status in?","""non-rhetorical"""
How many singles did her second album produce?,"""non-rhetorical"""
What birthday did Beyonce's album B'Day celebrate?,"""non-rhetorical"""
"What artist did Beyonce duet with in the single, ""Deja Vu''?","""non-rhetorical"""
How high did ''Deja Vu'' climb on the Billboard chart?,"""non-rhetorical"""
What is the name of Beyoncé's second album?,"""non-rhetorical"""
How many copies did B'Day sell during the first week of its release?,"""non-rhetorical"""
"Who collaborated with Beyoncé on the single, Deja Vu?","""non-rhetorical"""
Which single from B'Day was only released in the U.K.?,"""non-rhetorical"""
What movie did Beyonce act in 2006?,"""non-rhetorical"""
Her second movie Beyonce did was what film?,"""non-rhetorical"""
"The single, ""Listen"" was featured in which movie?","""non-rhetorical"""
Beyonce's first world tour was when?,"""non-rhetorical"""
How much money did Beyonce's tour make in 2007?,"""non-rhetorical"""
How many millions of dollars did ''The Pink Panther'' gross world-wide?,"""non-rhetorical"""
What did Beyonce call her first concert tour?,"""non-rhetorical"""
Who was Beyonce's duet with in ''Beautiful Liar''?,"""non-rhetorical"""
Which film did Beyoncé star with Steve Martin in?,"""non-rhetorical"""
Beyoncé's role in Dreamgirls was based on what pop singer?,"""non-rhetorical"""
What was the lead single for the Dreamgirls soundtrack?,"""non-rhetorical"""
What was the name of Beyoncé's first international tour?,"""non-rhetorical"""
What pop singer did a duet with Beyoncé on Beautiful Liar?,"""non-rhetorical"""
Beyonce got married in 2008 to whom?,"""non-rhetorical"""
"Her third album, ""I am...Sasha Fierce"" was released when?","""non-rhetorical"""
Can we truly measure the depth of human potential?,""" rhetorical"""
Is there a limit to the mysteries of the universe?,""" rhetorical"""
Do we fully appreciate the value of perseverance?,""" rhetorical"""
Can anyone deny the influence of culture on identity?,""" rhetorical"""
Isn't curiosity the driving force behind scientific progress?,""" rhetorical"""
Have we considered the impact of words on shaping opinions?,""" rhetorical"""
Is it possible to quantify the significance of love in our lives?,""" rhetorical"""
Can one ignore the importance of empathy in human interactions?,""" rhetorical"""
Is there a definitive answer to the meaning of existence?,""" rhetorical"""
Who is Beyoncé's alter ego?,"""non-rhetorical"""
Have we explored the boundaries of human resilience?,""" rhetorical"""
Isn't laughter a universal language that transcends barriers?,""" rhetorical"""
Can we ignore the fragility of time and its fleeting nature?,""" rhetorical"""
Is there a single path to achieving personal fulfillment?,""" rhetorical"""
Have we contemplated the role of serendipity in our lives?,""" rhetorical"""
Can we truly separate nature from nurture in shaping individuals?,""" rhetorical"""
Isn't the pursuit of knowledge a lifelong and enriching journey?,""" rhetorical"""
Can we overlook the impact of individual choices on the collective?,""" rhetorical"""
Is there a universal standard for defining a meaningful life?,""" rhetorical"""
What was the name of the woman she played in Obsessed?,"""non-rhetorical"""
How much more that the buget did the film gross?,"""non-rhetorical"""
Which singer did Beyoncé portray in Cadillac Records?,"""non-rhetorical"""
Which organization received Beyoncé's entire Cadillac Records salary?,"""non-rhetorical"""
"Where did Beyoncé perform on January 20, 2009?","""non-rhetorical"""
Do we acknowledge the power of hope in overcoming challenges?,""" rhetorical"""
Can anyone claim to fully understand the complexities of human emotion?,""" rhetorical"""
Is there a clear distinction between right and wrong in ethical dilemmas?,""" rhetorical"""
Have we pondered the consequences of neglecting our environment?,""" rhetorical"""
Can we escape the influence of societal expectations on our choices?,""" rhetorical"""
Isn't it true that every ending marks the beginning of something new?,""" rhetorical"""
Can one truly appreciate the beauty of diversity without embracing it?,""" rhetorical"""
Is it possible to measure the true worth of a moment?,""" rhetorical"""
Have we explored the role of intuition in decision-making?,""" rhetorical"""
Who did they tie with for six top songs?,"""non-rhetorical"""
Who did Beyonce tie with for the most nominations in a year?,"""non-rhetorical"""
How many nominations did Beyoncé receive at the 52nd Grammy Awards ceremony?,"""non-rhetorical"""
Who did Beyoncé tie with for the most Grammy nominations for female artists?,"""non-rhetorical"""
"Beyoncé was a featured artist on which singer's hit, Telephone?","""non-rhetorical"""
Who did Beyoncé and Lady Gaga tie with for the most number one hits since 1992?,"""non-rhetorical"""
Beyonce would take a break from music in which year?,"""non-rhetorical"""
Which year did Beyonce and her father part business ways?,"""non-rhetorical"""
Which famous landmark did Beyonce see in China?,"""non-rhetorical"""
In what year did Beyonce have her hiatus?,"""non-rhetorical"""
Who inspired this hiatus?,"""non-rhetorical"""
When did she stop using her father as a manager?,"""non-rhetorical"""
How long did the hiatus last?,"""non-rhetorical"""
What did Beyoncé announce in January 2010?,"""non-rhetorical"""
Who suggested the hiatus for Beyoncé?,"""non-rhetorical"""
there a definitive answer to the question of what makes life meaningful?,""" rhetorical"""
Can we ignore the impact of historical events on shaping our present?,""" rhetorical"""
Isn't the pursuit of happiness a fundamental human right and aspiration?,""" rhetorical"""
Who did Beyonce donate the money to earned from her shows?,"""non-rhetorical"""
Beyonce became the first female artist to perform solo in 20 years at which stage?,"""non-rhetorical"""
Which organization did Beyonce's spokespeople confirm her donations to?,"""non-rhetorical"""
Beyonce was listed in 2011 as the highest paid performer per what?,"""non-rhetorical"""
Hoe did everyone learn that Beyonce performed for Kaddafi?,"""non-rhetorical"""
When did this leak happen?,"""non-rhetorical"""
Who did she tell about the donation?,"""non-rhetorical"""
Where did Beyonce perform in 2011?,"""non-rhetorical"""
Who did Beyoncé perform privately for in 2011?,"""non-rhetorical"""
Who released the information about Beyoncé's performance for the Libyan ruler?,"""non-rhetorical"""
Which organization did Beyoncé donate her pay for the private performance to?,"""non-rhetorical"""
Beyoncé was the first female singer to headline what at the 2011 Glastonbury Festival?,""" rhetorical"""
Beyonce's fourth album debuted in what year?,"""non-rhetorical"""
Which single had the most success from that album?,"""non-rhetorical"""
Beyonce won an award for which activity in 2011?,"""non-rhetorical"""
"in 2011, Beyonce performed for four nights where?","""non-rhetorical"""
When was Beyonce's forth album released?,"""non-rhetorical"""
How many copies did the album sell in its first week?,"""non-rhetorical"""
Who awarded Beyonce and award for writing?,"""non-rhetorical"""
When did she perform at the Roseland ballroom?,"""non-rhetorical"""
What is the name of Beyoncé's fourth studio album?,"""non-rhetorical"""
When was 4 released?,"""non-rhetorical"""
How many copies of 4 sold in the first week?,"""non-rhetorical"""
What magazine did Beyoncé write a story for about her earlier hiatus?,"""non-rhetorical"""
Where did Beyoncé perform for four nights of standing room only concerts in 2011?,"""non-rhetorical"""
When did Beyonce have her first child?,"""non-rhetorical"""
Where did Beyonce give birth to her first child?,"""non-rhetorical"""
Beyonce's first child is named what?,"""non-rhetorical"""
Her first appearance performing since giving birth was where?,"""non-rhetorical"""
When did Beyonce have her first child?,"""non-rhetorical"""
What was the child's name?,"""non-rhetorical"""
How long was it after the birth of her child before she performed again?,"""non-rhetorical"""
How many nights did she perform at Atlantic City?,"""non-rhetorical"""
When did Beyoncé give birth to a daughter?,"""non-rhetorical"""
What did Beyoncé name her daughter?,"""non-rhetorical"""
Where was Blue Ivy born?,"""non-rhetorical"""
Where was Beyoncé's first public performance after giving birth?,"""non-rhetorical"""
How many nights did Beyoncé play at the resort?,"""non-rhetorical"""
Destiny's Child released a compilation album about which topic?,"""non-rhetorical"""
Beyonce's documentary movie was called what?,"""non-rhetorical"""
What did Beyonce sign in 2013?,"""non-rhetorical"""
"When did Destiny's Child release its album ""Love Songs""?","""non-rhetorical"""
What was the title of the added track in Love Songs?,"""non-rhetorical"""
At whose inauguration did she perform the National Anthem?,"""non-rhetorical"""
How many Tweets per minute did the half time show get?,"""non-rhetorical"""
When did Destiny's Child release Love Songs?,"""non-rhetorical"""
What was the new track for Love Songs?,"""non-rhetorical"""
What did Beyoncé sing at President Obama's second inauguration?,"""non-rhetorical"""
What event did Beyoncé perform at one month after Obama's inauguration?,"""non-rhetorical"""
What is the name of Beyoncé's documentary film?,"""non-rhetorical"""
"How many dates did Beyonce's ""The Mrs. Carter Show"" entail?","""non-rhetorical"""
One of Beyonce's most successful tours yet was which one?,"""non-rhetorical"""
"Beyonce wrote which song for the movie ""Epic""?","""non-rhetorical"""
Beyonce voiced a character in which animated film?,"""non-rhetorical"""
When did the tour begin?,"""non-rhetorical"""
Of what event was Beyonce honorary chair?,"""non-rhetorical"""
What part did she voice for the movie Epic?,"""non-rhetorical"""
What song did Beyonce record for the film Epic?,"""non-rhetorical"""
What was the name of Beyoncé's tour that she started on April 15?,"""non-rhetorical"""
How many dates did the Mrs. Carter Show World Tour have?,"""non-rhetorical"""
Which Amy Winehouse song did Beyoncé cover and release in May 2014?,"""non-rhetorical"""
Beyoncé was an honorary chair of the 2013 what?,"""non-rhetorical"""
"Which character in the film, Epic, was voiced by Beyoncé?","""non-rhetorical"""
Where did Beyonce release her 5th album to a huge surprise?,"""non-rhetorical"""
When did Beyonce get her fifth consecutive number one hit album?,"""non-rhetorical"""
Do you have many complaints about that book?,"""non-rhetorical"""
How is work?,""" rhetorical"""
What is the main concept of books?,""" rhetorical"""
Is it talent ?,""" rhetorical"""
What is actually better sequel?,""" rhetorical"""
Does its contains a lot of action?,""" rhetorical"""
How is the opinion?,""" rhetorical"""
How is story?,""" rhetorical"""
What do you think about the story?,""" rhetorical"""
Who is in the main role in this book?,""" rhetorical"""
Was the tension thick?,""" rhetorical"""
How was the depth?,""" rhetorical"""
How is the idea?,""" rhetorical"""
How is the write?,""" rhetorical"""
How is the star?,""" rhetorical"""
How is the idea?,""" rhetorical"""
Is thi book a fantasy one?,""" rhetorical"""
Is there the end of this road?,""" rhetorical"""
Why do I have a funny part?,""" rhetorical"""
How do you value reality?,""" rhetorical"""
Is that city a danger?,""" rhetorical"""
How were the words heard?,""" rhetorical"""
How is the write?,""" rhetorical"""
How is story?,""" rhetorical"""
How is the insight?,""" rhetorical"""
Does the book have a good start?,""" rhetorical"""
How is the relationship?,""" rhetorical"""
How is the story?,""" rhetorical"""
Is the work interesting?,""" rhetorical"""
How is the flow like?,""" rhetorical"""
How is the end?,""" rhetorical"""
Do you like his role?,""" rhetorical"""
How is the great deal?,""" rhetorical"""
How is the write?,""" rhetorical"""
Where is  book ?,""" rhetorical"""
How is the banter?,""" rhetorical"""
How many problems have you had today?,""" rhetorical"""
What does line mean?,""" rhetorical"""
How is the book?,""" rhetorical"""
How is idea?,""" rhetorical"""
How is the thing with the plot?,""" rhetorical"""
How is the reader?,""" rhetorical"""
What's the idea?,""" rhetorical"""
What is the heroine like?,""" rhetorical"""
Is it a good story line?,""" rhetorical"""
How is book?,""" rhetorical"""
How is the quality of the sex scene?,""" rhetorical"""
Do you travel or flying in chapter?,""" rhetorical"""
How is the book?,""" rhetorical"""
Is the heart sick?,""" rhetorical"""
How is the tension?,""" rhetorical"""
Do you travel or flying in chapter?,""" rhetorical"""
How was the story?,""" rhetorical"""
How is it the effect?,""" rhetorical"""
How is the reader?,""" rhetorical"""
Is this story about military?,""" rhetorical"""
How many pages does the book have?,""" rhetorical"""
What is your impression of this interaction?,""" rhetorical"""
How is the thing with the plot?,""" rhetorical"""
How is the quality of the sex?,""" rhetorical"""
How is the sex?,""" rhetorical"""
Why is write was  readable?,""" rhetorical"""
How is the child?,""" rhetorical"""
Do you want to have a long life?,""" rhetorical"""
What about head?,""" rhetorical"""
How is the book?,""" rhetorical"""
How was the connection quality?,""" rhetorical"""
How many new ideas do you have?,""" rhetorical"""
What could be upsetting about the people?,""" rhetorical"""
How was the writing style?,""" rhetorical"""
What is the new premise?,""" rhetorical"""
Where else can I get an emotion like this?,""" rhetorical"""
How is the future in that story?,""" rhetorical"""
Is one better?,""" rhetorical"""
What is the book about?,""" rhetorical"""
Is it good for so much star awarded?,""" rhetorical"""
Do you want to damage your reputation?,""" rhetorical"""
How is the write?,""" rhetorical"""